{
  "shopId": 79929082074,
  "apiClientId": 306387222529,
  "payload": {
    "export": "cart-lines-discounts-generate-run",
    "input": {
      "cart": {
        "lines": [
          {
            "id": "gid://shopify/CartLine/0",
            "quantity": 2,
            "cost": {
              "subtotalAmount": {
                "amount": "1329.9",
                "currencyCode": "USD"
              }
            },
            "merchandise": {
              "__typename": "ProductVariant",
              "id": "gid://shopify/ProductVariant/47256068292826",
              "product": {
                "id": "gid://shopify/Product/9122077376730",
                "title": "The Complete Snowboard"
              }
            }
          }
        ],
        "cost": {
          "subtotalAmount": {
            "amount": "1329.9",
            "currencyCode": "USD"
          },
          "totalAmount": {
            "amount": "1329.9"
          }
        },
        "buyerIdentity": {
          "customer": {
            "metafield": {
              "value": "tier1"
            }
          }
        }
      },
      "shop": {
        "metafield": {
          "jsonValue": {
            "tiers": [
              {
                "group": "tier1",
                "discount": 70
              },
              {
                "group": "tier2",
                "discount": 50
              },
              {
                "group": "tier3",
                "discount": 30
              },
              {
                "group": "tier4",
                "discount": 15
              }
            ],
            "excludedProducts": [
              "gid://shopify/Product/9122077245658",
              "gid://shopify/Product/9122077081818"
            ]
          }
        }
      }
    },
    "inputBytes": 618,
    "output": null,
    "outputBytes": null,
    "logs": [
      "........>>>>>>>>>>>>>function Start"
    ],
    "functionId": "019b5a02-5f0e-7e7a-ad48-7dbdef97cd71",
    "fuelConsumed": 352029,
    "target": "cart.lines.discounts.generate.run",
    "errorMessage": "error while executing at wasm backtrace:\n    0: <unknown>!<wasm function 1381>\n    1: <unknown>!<wasm function 250>\n    2: <unknown>!<wasm function 423>\n    3: <unknown>!<wasm function 944>\n    4: <unknown>!<wasm function 1039>\n    5: <unknown>!<wasm function 391>\n    6: <unknown>!<wasm function 35>\n    7: <unknown>!<wasm function 755>\n    8: <unknown>!<wasm function 2> (trap code: Unreachable)",
    "errorType": "RuntimeError"
  },
  "logType": "function_run",
  "status": "failure",
  "source": "discount-function",
  "sourceNamespace": "extensions",
  "logTimestamp": "2025-12-31T09:14:18.251421Z",
  "localTime": "2025-12-31 14:44:18",
  "storeName": "group-discount-2.myshopify.com"
}