{
  "shopId": 79929082074,
  "apiClientId": 306387222529,
  "payload": {
    "export": "cart-lines-discounts-generate-run",
    "input": {
      "cart": {
        "lines": [
          {
            "id": "gid://shopify/CartLine/0",
            "quantity": 1,
            "cost": {
              "subtotalAmount": {
                "amount": "600.0",
                "currencyCode": "USD"
              }
            },
            "merchandise": {
              "__typename": "ProductVariant",
              "id": "gid://shopify/ProductVariant/47256067768538",
              "product": {
                "id": "gid://shopify/Product/9122077147354",
                "title": "The Collection Snowboard: Hydrogen"
              }
            }
          }
        ],
        "cost": {
          "subtotalAmount": {
            "amount": "600.0",
            "currencyCode": "USD"
          },
          "totalAmount": {
            "amount": "600.0"
          }
        },
        "buyerIdentity": {
          "customer": {
            "metafield": {
              "value": "tier4"
            }
          }
        }
      },
      "shop": {
        "metafield": {
          "jsonValue": {
            "tiers": [
              {
                "group": "tier1",
                "discount": 70
              },
              {
                "group": "tier2",
                "discount": 50
              },
              {
                "group": "tier3",
                "discount": 30
              },
              {
                "group": "tier4",
                "discount": 15
              }
            ],
            "excludedProducts": [
              "gid://shopify/Product/9122077245658",
              "gid://shopify/Product/9122077081818"
            ]
          }
        }
      },
      "discount": {
        "discountClasses": [
          "PRODUCT"
        ]
      }
    },
    "inputBytes": 663,
    "output": {
      "operations": []
    },
    "outputBytes": 13,
    "logs": [],
    "functionId": "019b5a02-5f0e-7e7a-ad48-7dbdef97cd71",
    "fuelConsumed": 320965,
    "target": "cart.lines.discounts.generate.run"
  },
  "logType": "function_run",
  "status": "success",
  "source": "discount-function",
  "sourceNamespace": "extensions",
  "logTimestamp": "2025-12-31T08:41:09.906001Z",
  "localTime": "2025-12-31 14:11:09",
  "storeName": "group-discount-2.myshopify.com"
}