{
  "shopId": 79929082074,
  "apiClientId": 306387222529,
  "payload": {
    "export": "cart-lines-discounts-generate-run",
    "input": {
      "cart": {
        "lines": [
          {
            "id": "gid://shopify/CartLine/0",
            "quantity": 1,
            "merchandise": {
              "__typename": "ProductVariant",
              "id": "gid://shopify/ProductVariant/47256068620506",
              "product": {
                "id": "gid://shopify/Product/9122077507802"
              }
            }
          }
        ]
      },
      "shop": {
        "metafield": {
          "jsonValue": {
            "tiers": [
              {
                "group": "tier1",
                "discount": 30
              },
              {
                "group": "tier2",
                "discount": 20
              },
              {
                "group": "tier3",
                "discount": 30
              },
              {
                "group": "tier4",
                "discount": 40
              }
            ],
            "excludedProducts": [
              "gid://shopify/Product/9122077180122"
            ]
          }
        }
      }
    },
    "inputBytes": 371,
    "output": {
      "operations": [
        {
          "productDiscountsAdd": {
            "candidates": [
              {
                "value": {
                  "percentage": {
                    "value": "40.0"
                  }
                },
                "targets": [
                  {
                    "cartLine": {
                      "id": "gid://shopify/CartLine/0"
                    }
                  }
                ],
                "message": "40% off (tier tier4)"
              }
            ],
            "selectionStrategy": "FIRST"
          }
        }
      ]
    },
    "outputBytes": 179,
    "logs": [],
    "functionId": "019b5a02-5f0e-7e7a-ad48-7dbdef97cd71",
    "fuelConsumed": 348823,
    "target": "cart.lines.discounts.generate.run"
  },
  "logType": "function_run",
  "status": "success",
  "source": "discount-function",
  "sourceNamespace": "extensions",
  "logTimestamp": "2025-12-30T06:44:48.512573Z",
  "localTime": "2025-12-30 12:14:48",
  "storeName": "group-discount-2.myshopify.com"
}