{
  "shopId": 79929082074,
  "apiClientId": 306387222529,
  "payload": {
    "export": "cart-lines-discounts-generate-run",
    "input": {
      "cart": {
        "lines": [
          {
            "id": "gid://shopify/CartLine/0",
            "quantity": 1,
            "cost": {
              "subtotalAmount": {
                "amount": "693.45",
                "currencyCode": "USD"
              }
            },
            "merchandise": {
              "__typename": "ProductVariant",
              "id": "gid://shopify/ProductVariant/47256068587738",
              "product": {
                "id": "gid://shopify/Product/9122077475034",
                "title": "The Multi-location Snowboard"
              }
            }
          },
          {
            "id": "gid://shopify/CartLine/1",
            "quantity": 1,
            "cost": {
              "subtotalAmount": {
                "amount": "664.95",
                "currencyCode": "USD"
              }
            },
            "merchandise": {
              "__typename": "ProductVariant",
              "id": "gid://shopify/ProductVariant/47256068292826",
              "product": {
                "id": "gid://shopify/Product/9122077376730",
                "title": "The Complete Snowboard"
              }
            }
          }
        ],
        "cost": {
          "subtotalAmount": {
            "amount": "1358.4",
            "currencyCode": "USD"
          },
          "totalAmount": {
            "amount": "1358.4"
          }
        },
        "buyerIdentity": {
          "customer": {
            "metafield": {
              "value": "tier4"
            }
          }
        }
      },
      "shop": {
        "metafield": {
          "jsonValue": {
            "tiers": [
              {
                "group": "tier1",
                "discount": 70
              },
              {
                "group": "tier2",
                "discount": 50
              },
              {
                "group": "tier3",
                "discount": 30
              },
              {
                "group": "tier4",
                "discount": 15
              }
            ],
            "excludedProducts": [
              "gid://shopify/Product/9122077245658",
              "gid://shopify/Product/9122077081818"
            ]
          }
        }
      },
      "discount": {
        "discountClasses": [
          "PRODUCT"
        ]
      }
    },
    "inputBytes": 916,
    "output": {
      "operations": [
        {
          "orderDiscountsAdd": {
            "candidates": [
              {
                "value": {
                  "percentage": {
                    "value": "15.0"
                  }
                },
                "targets": [
                  {
                    "orderSubtotal": {
                      "excludedCartLineIds": []
                    }
                  }
                ],
                "message": "15% off your order"
              }
            ],
            "selectionStrategy": "FIRST"
          }
        }
      ]
    },
    "outputBytes": 173,
    "logs": [
      "........>>>>>>>>>>>>>function Start",
      "........>>>>>>>>>>>>>function sett",
      "discountClasses: PRODUCT",
      "........>>>>>>>>>>>>>function class",
      ">>>>>>>>>>>matching Tier [object Object]",
      ">>> customerTier: tier4",
      ">>> configuration: {\"tiers\":[{\"group\":\"tier1\",\"discount\":70},{\"group\":\"tier2\",\"discount\":50},{\"group\":\"tier3\",\"discount\":30},{\"group\":\"tier4\",\"discount\":15}],\"excludedProducts\":[\"gid://shopify/Product/9122077245658\",\"gid://shopify/Product/9122077081818\"]}",
      ">>> matched tier, discount %: 15"
    ],
    "functionId": "019b5a02-5f0e-7e7a-ad48-7dbdef97cd71",
    "fuelConsumed": 635700,
    "target": "cart.lines.discounts.generate.run",
    "errorMessage": [
      {
        "path": [],
        "explanation": "The orderDiscountsAdd operation requires the discount to have ORDER in its discount classes"
      }
    ],
    "errorType": "InvalidOutputError"
  },
  "logType": "function_run",
  "status": "failure",
  "source": "discount-function-setting",
  "sourceNamespace": "extensions",
  "logTimestamp": "2025-12-31T10:59:04.123594Z",
  "localTime": "2025-12-31 16:29:04",
  "storeName": "group-discount-2.myshopify.com"
}