{
  "shopId": 79929082074,
  "apiClientId": 306387222529,
  "payload": {
    "export": "cart-lines-discounts-generate-run",
    "input": {
      "cart": {
        "lines": [
          {
            "id": "gid://shopify/CartLine/0",
            "quantity": 1,
            "merchandise": {
              "__typename": "ProductVariant",
              "id": "gid://shopify/ProductVariant/47256067801306",
              "product": {
                "id": "gid://shopify/Product/9122077081818"
              }
            }
          },
          {
            "id": "gid://shopify/CartLine/1",
            "quantity": 1,
            "merchandise": {
              "__typename": "ProductVariant",
              "id": "gid://shopify/ProductVariant/47256068751578",
              "product": {
                "id": "gid://shopify/Product/9122077606106"
              }
            }
          }
        ],
        "buyerIdentity": null
      },
      "shop": {
        "metafield": {
          "jsonValue": {
            "tiers": [
              {
                "group": "tier1",
                "discount": 30
              },
              {
                "group": "tier2",
                "discount": 20
              },
              {
                "group": "tier3",
                "discount": 30
              },
              {
                "group": "tier4",
                "discount": 40
              }
            ],
            "excludedProducts": [
              "gid://shopify/Product/9122077081818",
              "gid://shopify/Product/9122077180122",
              "gid://shopify/Product/9122077245658"
            ]
          }
        }
      }
    },
    "inputBytes": 635,
    "output": {
      "operations": []
    },
    "outputBytes": 13,
    "logs": [],
    "functionId": "019b5a02-5f0e-7e7a-ad48-7dbdef97cd71",
    "fuelConsumed": 295718,
    "target": "cart.lines.discounts.generate.run"
  },
  "logType": "function_run",
  "status": "success",
  "source": "discount-function",
  "sourceNamespace": "extensions",
  "logTimestamp": "2025-12-31T04:16:27.323232Z",
  "localTime": "2025-12-31 09:46:27",
  "storeName": "group-discount-2.myshopify.com"
}