{
  "shopId": 79929082074,
  "apiClientId": 306387222529,
  "payload": {
    "export": "cart-lines-discounts-generate-run",
    "input": {
      "cart": {
        "lines": [
          {
            "id": "gid://shopify/CartLine/0",
            "quantity": 1,
            "merchandise": {
              "__typename": "ProductVariant",
              "id": "gid://shopify/ProductVariant/47256068587738",
              "product": {
                "id": "gid://shopify/Product/9122077475034"
              }
            }
          },
          {
            "id": "gid://shopify/CartLine/1",
            "quantity": 1,
            "merchandise": {
              "__typename": "ProductVariant",
              "id": "gid://shopify/ProductVariant/47256068751578",
              "product": {
                "id": "gid://shopify/Product/9122077606106"
              }
            }
          }
        ],
        "buyerIdentity": {
          "customer": {
            "hasAnyTag": false,
            "hasTags": [
              {
                "hasTag": false,
                "tag": "tier1"
              },
              {
                "hasTag": false,
                "tag": "tier2"
              },
              {
                "hasTag": false,
                "tag": "tier3"
              },
              {
                "hasTag": false,
                "tag": "tier4"
              }
            ]
          }
        }
      },
      "shop": {
        "metafield": {
          "jsonValue": {
            "tiers": [
              {
                "group": "tier1",
                "discount": 30
              },
              {
                "group": "tier2",
                "discount": 20
              },
              {
                "group": "tier3",
                "discount": 30
              },
              {
                "group": "tier4",
                "discount": 40
              }
            ],
            "excludedProducts": [
              "gid://shopify/Product/9122077180122",
              "gid://shopify/Product/9122077606106"
            ]
          }
        }
      }
    },
    "inputBytes": 704,
    "output": {
      "operations": []
    },
    "outputBytes": 13,
    "logs": [
      "configuration>>>>>>>>>>>>>>> [object Object],[object Object],[object Object],[object Object] gid://shopify/Product/9122077180122,gid://shopify/Product/9122077606106",
      "group>>>>>>>>>>> [object Object]",
      "group>>>>>>>>>>> [object Object]",
      "group>>>>>>>>>>> [object Object]",
      "group>>>>>>>>>>> [object Object]",
      ">>>>>>>>customerTag [object Object],[object Object],[object Object],[object Object]"
    ],
    "functionId": "019b5a02-5f0e-7e7a-ad48-7dbdef97cd71",
    "fuelConsumed": 388227,
    "target": "cart.lines.discounts.generate.run"
  },
  "logType": "function_run",
  "status": "success",
  "source": "discount-function",
  "sourceNamespace": "extensions",
  "logTimestamp": "2025-12-30T08:29:10.386512Z",
  "localTime": "2025-12-30 13:59:10",
  "storeName": "group-discount-2.myshopify.com"
}