{
  "shopId": 79929082074,
  "apiClientId": 306387222529,
  "payload": {
    "export": "cart-lines-discounts-generate-run",
    "input": {
      "cart": {
        "lines": [
          {
            "id": "gid://shopify/CartLine/0",
            "quantity": 1,
            "merchandise": {
              "__typename": "ProductVariant",
              "id": "gid://shopify/ProductVariant/47256068751578",
              "product": {
                "id": "gid://shopify/Product/9122077606106"
              }
            }
          }
        ],
        "buyerIdentity": {
          "customer": {
            "metafield": {
              "value": "tier4"
            }
          }
        }
      },
      "shop": {
        "metafield": {
          "jsonValue": {
            "tiers": [
              {
                "group": "tier1",
                "discount": 30
              },
              {
                "group": "tier2",
                "discount": 20
              },
              {
                "group": "tier3",
                "discount": 30
              },
              {
                "group": "tier4",
                "discount": 40
              }
            ],
            "excludedProducts": [
              "gid://shopify/Product/9122077606106"
            ]
          }
        }
      }
    },
    "inputBytes": 419,
    "output": {
      "operations": []
    },
    "outputBytes": 13,
    "logs": [
      ">>> matched tier, discount %: 40",
      "Skipping excluded product: gid://shopify/Product/9122077606106"
    ],
    "functionId": "019b5a02-5f0e-7e7a-ad48-7dbdef97cd71",
    "fuelConsumed": 303546,
    "target": "cart.lines.discounts.generate.run"
  },
  "logType": "function_run",
  "status": "success",
  "source": "discount-function",
  "sourceNamespace": "extensions",
  "logTimestamp": "2025-12-30T12:40:22.309616Z",
  "localTime": "2025-12-30 18:10:22",
  "storeName": "group-discount-2.myshopify.com"
}