{
  "shopId": 79929082074,
  "apiClientId": 306387222529,
  "payload": {
    "export": "cart-lines-discounts-generate-run",
    "input": {
      "cart": {
        "lines": [
          {
            "id": "gid://shopify/CartLine/0",
            "quantity": 1,
            "merchandise": {
              "__typename": "ProductVariant",
              "id": "gid://shopify/ProductVariant/47256067768538",
              "product": {
                "id": "gid://shopify/Product/9122077147354"
              }
            }
          },
          {
            "id": "gid://shopify/CartLine/1",
            "quantity": 1,
            "merchandise": {
              "__typename": "ProductVariant",
              "id": "gid://shopify/ProductVariant/47256068751578",
              "product": {
                "id": "gid://shopify/Product/9122077606106"
              }
            }
          },
          {
            "id": "gid://shopify/CartLine/2",
            "quantity": 1,
            "merchandise": {
              "__typename": "ProductVariant",
              "id": "gid://shopify/ProductVariant/47256068292826",
              "product": {
                "id": "gid://shopify/Product/9122077376730"
              }
            }
          }
        ],
        "buyerIdentity": {
          "customer": {
            "metafield": {
              "value": "tier4"
            }
          }
        }
      },
      "shop": {
        "metafield": {
          "jsonValue": {
            "tiers": [
              {
                "group": "tier1",
                "discount": 70
              },
              {
                "group": "tier2",
                "discount": 50
              },
              {
                "group": "tier3",
                "discount": 30
              },
              {
                "group": "tier4",
                "discount": 15
              }
            ],
            "excludedProducts": [
              "gid://shopify/Product/9122077245658",
              "gid://shopify/Product/9122077081818"
            ]
          }
        }
      },
      "discount": {
        "discountClasses": [
          "PRODUCT"
        ]
      }
    },
    "inputBytes": 841,
    "output": {
      "operations": [
        {
          "orderDiscountsAdd": {
            "candidates": [
              {
                "message": "15% off for your tier (tier4)",
                "targets": [
                  {
                    "orderSubtotal": {
                      "excludedCartLineIds": []
                    }
                  }
                ],
                "value": {
                  "percentage": {
                    "value": 15
                  }
                }
              }
            ],
            "selectionStrategy": "FIRST"
          }
        }
      ]
    },
    "outputBytes": 180,
    "logs": [],
    "functionId": "019b5a02-5f0e-7e7a-ad48-7dbdef97cd71",
    "fuelConsumed": 437860,
    "target": "cart.lines.discounts.generate.run",
    "errorMessage": [
      {
        "path": [],
        "explanation": "The orderDiscountsAdd operation requires the discount to have ORDER in its discount classes"
      }
    ],
    "errorType": "InvalidOutputError"
  },
  "logType": "function_run",
  "status": "failure",
  "source": "discount-function",
  "sourceNamespace": "extensions",
  "logTimestamp": "2025-12-31T06:27:18.941873Z",
  "localTime": "2025-12-31 11:57:18",
  "storeName": "group-discount-2.myshopify.com"
}