{
  "shopId": 79929082074,
  "apiClientId": 306387222529,
  "payload": {
    "export": "cart-lines-discounts-generate-run",
    "input": {
      "cart": {
        "lines": [
          {
            "id": "gid://shopify/CartLine/0",
            "quantity": 1,
            "merchandise": {
              "__typename": "ProductVariant",
              "id": "gid://shopify/ProductVariant/47256067768538",
              "product": {
                "id": "gid://shopify/Product/9122077147354"
              }
            }
          },
          {
            "id": "gid://shopify/CartLine/1",
            "quantity": 1,
            "merchandise": {
              "__typename": "ProductVariant",
              "id": "gid://shopify/ProductVariant/47256068751578",
              "product": {
                "id": "gid://shopify/Product/9122077606106"
              }
            }
          },
          {
            "id": "gid://shopify/CartLine/2",
            "quantity": 1,
            "merchandise": {
              "__typename": "ProductVariant",
              "id": "gid://shopify/ProductVariant/47256068292826",
              "product": {
                "id": "gid://shopify/Product/9122077376730"
              }
            }
          }
        ],
        "buyerIdentity": {
          "customer": {
            "metafield": {
              "value": "tier1"
            }
          }
        }
      },
      "shop": {
        "metafield": {
          "jsonValue": {
            "tiers": [
              {
                "group": "tier1",
                "discount": 70
              },
              {
                "group": "tier2",
                "discount": 50
              },
              {
                "group": "tier3",
                "discount": 30
              },
              {
                "group": "tier4",
                "discount": 15
              }
            ],
            "excludedProducts": [
              "gid://shopify/Product/9122077245658",
              "gid://shopify/Product/9122077081818"
            ]
          }
        }
      }
    },
    "inputBytes": 806,
    "output": {
      "operations": [
        {
          "productDiscountsAdd": {
            "candidates": [
              {
                "value": {
                  "percentage": {
                    "value": "70.0"
                  }
                },
                "targets": [
                  {
                    "cartLine": {
                      "id": "gid://shopify/CartLine/0"
                    }
                  }
                ],
                "message": "70% off for your tier (tier1)"
              },
              {
                "value": {
                  "percentage": {
                    "value": "70.0"
                  }
                },
                "targets": [
                  {
                    "cartLine": {
                      "id": "gid://shopify/CartLine/1"
                    }
                  }
                ],
                "message": "70% off for your tier (tier1)"
              },
              {
                "value": {
                  "percentage": {
                    "value": "70.0"
                  }
                },
                "targets": [
                  {
                    "cartLine": {
                      "id": "gid://shopify/CartLine/2"
                    }
                  }
                ],
                "message": "70% off for your tier (tier1)"
              }
            ],
            "selectionStrategy": "ALL"
          }
        }
      ]
    },
    "outputBytes": 420,
    "logs": [
      ">>> matched tier, discount %: 70"
    ],
    "functionId": "019b5a02-5f0e-7e7a-ad48-7dbdef97cd71",
    "fuelConsumed": 554795,
    "target": "cart.lines.discounts.generate.run"
  },
  "logType": "function_run",
  "status": "success",
  "source": "discount-function",
  "sourceNamespace": "extensions",
  "logTimestamp": "2025-12-31T06:31:02.668494Z",
  "localTime": "2025-12-31 12:01:02",
  "storeName": "group-discount-2.myshopify.com"
}