{
  "shopId": 79929082074,
  "apiClientId": 306387222529,
  "payload": {
    "export": "cart-lines-discounts-generate-run",
    "input": {
      "cart": {
        "lines": [
          {
            "id": "gid://shopify/CartLine/0",
            "quantity": 1,
            "merchandise": {
              "__typename": "ProductVariant",
              "id": "gid://shopify/ProductVariant/47256068751578",
              "product": {
                "id": "gid://shopify/Product/9122077606106"
              }
            }
          }
        ],
        "buyerIdentity": {
          "customer": {
            "metafield": {
              "value": "tier1"
            }
          }
        }
      },
      "shop": {
        "metafield": {
          "jsonValue": {
            "tiers": [
              {
                "group": "tier1",
                "discount": 30
              },
              {
                "group": "tier2",
                "discount": 20
              },
              {
                "group": "tier3",
                "discount": 30
              },
              {
                "group": "tier4",
                "discount": 40
              }
            ],
            "excludedProducts": [
              "gid://shopify/Product/9122077081818",
              "gid://shopify/Product/9122077114586",
              "gid://shopify/Product/9122077147354"
            ]
          }
        }
      }
    },
    "inputBytes": 493,
    "output": {
      "operations": [
        {
          "productDiscountsAdd": {
            "candidates": [
              {
                "value": {
                  "percentage": {
                    "value": "30.0"
                  }
                },
                "targets": [
                  {
                    "cartLine": {
                      "id": "gid://shopify/CartLine/0"
                    }
                  }
                ],
                "message": "30% off for your tier (tier1)"
              }
            ],
            "selectionStrategy": "FIRST"
          }
        }
      ]
    },
    "outputBytes": 188,
    "logs": [
      "configuration>>>>>>>>>>>>>>> [object Object],[object Object],[object Object],[object Object] gid://shopify/Product/9122077081818,gid://shopify/Product/9122077114586,gid://shopify/Product/9122077147354",
      ">>>>>>>>>>tier tier1",
      ">>>>>>>>>>tier tier2",
      ">>>>>>>>>>tier tier3",
      ">>>>>>>>>>tier tier4",
      ">>>>>>>>purchase customer tier tier1",
      "group>>>>>>>>>>> tier1",
      "group>>>>>>>>>>> tier2",
      "group>>>>>>>>>>> tier3",
      "group>>>>>>>>>>> tier4",
      "discount>>>>>>>>>>> 30",
      "discount>>>>>>>>>>> 20",
      "discount>>>>>>>>>>> 30",
      "discount>>>>>>>>>>> 40",
      ">>> matched tier, discount %: 30"
    ],
    "functionId": "019b5a02-5f0e-7e7a-ad48-7dbdef97cd71",
    "fuelConsumed": 529281,
    "target": "cart.lines.discounts.generate.run"
  },
  "logType": "function_run",
  "status": "success",
  "source": "discount-function",
  "sourceNamespace": "extensions",
  "logTimestamp": "2025-12-30T12:32:05.655328Z",
  "localTime": "2025-12-30 18:02:05",
  "storeName": "group-discount-2.myshopify.com"
}