{
  "shopId": 79929082074,
  "apiClientId": 306387222529,
  "payload": {
    "export": "cart-lines-discounts-generate-run",
    "input": {
      "cart": {
        "lines": [
          {
            "id": "gid://shopify/CartLine/0",
            "quantity": 1,
            "cost": {
              "subtotalAmount": {
                "amount": "749.95",
                "currencyCode": "USD"
              }
            },
            "merchandise": {
              "__typename": "ProductVariant",
              "id": "gid://shopify/ProductVariant/47256068751578",
              "product": {
                "id": "gid://shopify/Product/9122077606106"
              }
            }
          }
        ],
        "cost": {
          "subtotalAmount": {
            "amount": "749.95",
            "currencyCode": "USD"
          },
          "totalAmount": {
            "amount": "749.95"
          }
        },
        "buyerIdentity": {
          "customer": {
            "metafield": {
              "value": "tier1"
            }
          }
        }
      },
      "shop": {
        "metafield": {
          "jsonValue": {
            "tiers": [
              {
                "group": "tier1",
                "discount": 70
              },
              {
                "group": "tier2",
                "discount": 50
              },
              {
                "group": "tier3",
                "discount": 30
              },
              {
                "group": "tier4",
                "discount": 15
              }
            ],
            "excludedProducts": [
              "gid://shopify/Product/9122077245658",
              "gid://shopify/Product/9122077081818"
            ]
          }
        }
      }
    },
    "inputBytes": 589,
    "output": {
      "operations": [
        {
          "productDiscountsAdd": {
            "candidates": [
              {
                "value": {
                  "percentage": {
                    "value": "70.0"
                  }
                },
                "targets": [
                  {
                    "cartLine": {
                      "id": "gid://shopify/CartLine/0"
                    }
                  }
                ],
                "message": "70% off for your tier (tier1)"
              }
            ],
            "selectionStrategy": "ALL"
          }
        }
      ]
    },
    "outputBytes": 186,
    "logs": [
      "Total>>>>>>>>>>>>>>>>> 749.95",
      "subTotal>>>>>>>>>>>>>>>>> 749.95",
      ">>> matched tier, discount %: 70"
    ],
    "functionId": "019b5a02-5f0e-7e7a-ad48-7dbdef97cd71",
    "fuelConsumed": 437323,
    "target": "cart.lines.discounts.generate.run"
  },
  "logType": "function_run",
  "status": "success",
  "source": "discount-function",
  "sourceNamespace": "extensions",
  "logTimestamp": "2025-12-31T06:51:37.237234Z",
  "localTime": "2025-12-31 12:21:37",
  "storeName": "group-discount-2.myshopify.com"
}