{
  "shopId": 79929082074,
  "apiClientId": 306387222529,
  "payload": {
    "export": "cart-lines-discounts-generate-run",
    "input": {
      "cart": {
        "lines": [
          {
            "id": "gid://shopify/CartLine/0",
            "quantity": 10,
            "cost": {
              "subtotalAmount": {
                "amount": "6649.5",
                "currencyCode": "USD"
              }
            },
            "merchandise": {
              "__typename": "ProductVariant",
              "id": "gid://shopify/ProductVariant/47256068292826",
              "product": {
                "id": "gid://shopify/Product/9122077376730",
                "title": "The Complete Snowboard"
              }
            }
          }
        ],
        "cost": {
          "subtotalAmount": {
            "amount": "6649.5",
            "currencyCode": "USD"
          },
          "totalAmount": {
            "amount": "6649.5"
          }
        },
        "buyerIdentity": {
          "customer": {
            "metafield": {
              "value": "tier1"
            }
          }
        }
      },
      "shop": {
        "metafield": {
          "jsonValue": {
            "tiers": [
              {
                "group": "tier1",
                "discount": 70
              },
              {
                "group": "tier2",
                "discount": 50
              },
              {
                "group": "tier3",
                "discount": 30
              },
              {
                "group": "tier4",
                "discount": 15
              }
            ],
            "excludedProducts": [
              "gid://shopify/Product/9122077245658",
              "gid://shopify/Product/9122077081818",
              "gid://shopify/Product/9122077212890"
            ]
          }
        }
      },
      "discount": {
        "discountClasses": [
          "ORDER"
        ]
      }
    },
    "inputBytes": 688,
    "output": {
      "operations": [
        {
          "orderDiscountsAdd": {
            "candidates": [
              {
                "value": {
                  "percentage": {
                    "value": "70.0"
                  }
                },
                "targets": [
                  {
                    "orderSubtotal": {
                      "excludedCartLineIds": []
                    }
                  }
                ],
                "message": "70% off your order"
              }
            ],
            "selectionStrategy": "FIRST"
          }
        }
      ]
    },
    "outputBytes": 173,
    "logs": [
      "........>>>>>>>>>>>>>function Start",
      "10",
      ">>>>>>>>>>>matching Tier [object Object]",
      ">>> customerTier: tier1",
      ">>> configuration: {\"tiers\":[{\"group\":\"tier1\",\"discount\":70},{\"group\":\"tier2\",\"discount\":50},{\"group\":\"tier3\",\"discount\":30},{\"group\":\"tier4\",\"discount\":15}],\"excludedProducts\":[\"gid://shopify/Product/9122077245658\",\"gid://shopify/Product/9122077081818\",\"gid://shopify/Product/9122077212890\"]}",
      ">>> matched tier, discount %: 70",
      "6649.5",
      "Order discount diagnostics: [object Object]"
    ],
    "functionId": "019b5a02-5f0e-7e7a-ad48-7dbdef97cd71",
    "fuelConsumed": 642859,
    "target": "cart.lines.discounts.generate.run"
  },
  "logType": "function_run",
  "status": "success",
  "source": "discount-function-setting",
  "sourceNamespace": "extensions",
  "logTimestamp": "2026-01-02T04:50:06.430097Z",
  "localTime": "2026-01-02 10:20:06",
  "storeName": "group-discount-2.myshopify.com"
}