{
  "shopId": 79929082074,
  "apiClientId": 306387222529,
  "payload": {
    "export": "cart-lines-discounts-generate-run",
    "input": {
      "cart": {
        "lines": [
          {
            "id": "gid://shopify/CartLine/0",
            "quantity": 3,
            "cost": {
              "subtotalAmount": {
                "amount": "1710.0",
                "currencyCode": "USD"
              }
            },
            "merchandise": {
              "__typename": "ProductVariant",
              "id": "gid://shopify/ProductVariant/47256067768538",
              "product": {
                "id": "gid://shopify/Product/9122077147354",
                "title": "The Collection Snowboard: Hydrogen"
              }
            }
          },
          {
            "id": "gid://shopify/CartLine/1",
            "quantity": 2,
            "cost": {
              "subtotalAmount": {
                "amount": "1329.9",
                "currencyCode": "USD"
              }
            },
            "merchandise": {
              "__typename": "ProductVariant",
              "id": "gid://shopify/ProductVariant/47256068292826",
              "product": {
                "id": "gid://shopify/Product/9122077376730",
                "title": "The Complete Snowboard"
              }
            }
          }
        ],
        "cost": {
          "subtotalAmount": {
            "amount": "3039.9",
            "currencyCode": "USD"
          },
          "totalAmount": {
            "amount": "3039.9"
          }
        },
        "buyerIdentity": {
          "customer": {
            "metafield": {
              "value": "tier4"
            }
          }
        }
      },
      "shop": {
        "metafield": {
          "jsonValue": {
            "tiers": [
              {
                "group": "tier1",
                "discount": 70
              },
              {
                "group": "tier2",
                "discount": 50
              },
              {
                "group": "tier3",
                "discount": 30
              },
              {
                "group": "tier4",
                "discount": 15
              }
            ],
            "excludedProducts": [
              "gid://shopify/Product/9122077245658",
              "gid://shopify/Product/9122077081818",
              "gid://shopify/Product/9122077212890"
            ]
          }
        }
      },
      "discount": {
        "discountClasses": [
          "ORDER"
        ]
      }
    },
    "inputBytes": 958,
    "output": {
      "operations": [
        {
          "orderDiscountsAdd": {
            "candidates": [
              {
                "value": {
                  "percentage": {
                    "value": "15.0"
                  }
                },
                "targets": [
                  {
                    "orderSubtotal": {
                      "excludedCartLineIds": []
                    }
                  }
                ],
                "message": "15% off your order"
              }
            ],
            "selectionStrategy": "FIRST"
          }
        }
      ]
    },
    "outputBytes": 173,
    "logs": [
      "........>>>>>>>>>>>>>function Start",
      "3",
      "2",
      ">>>>>>>>>>>matching Tier [object Object]",
      ">>> customerTier: tier4",
      ">>> configuration: {\"tiers\":[{\"group\":\"tier1\",\"discount\":70},{\"group\":\"tier2\",\"discount\":50},{\"group\":\"tier3\",\"discount\":30},{\"group\":\"tier4\",\"discount\":15}],\"excludedProducts\":[\"gid://shopify/Product/9122077245658\",\"gid://shopify/Product/9122077081818\",\"gid://shopify/Product/9122077212890\"]}",
      ">>> matched tier, discount %: 15",
      "3039.9"
    ],
    "functionId": "019b5a02-5f0e-7e7a-ad48-7dbdef97cd71",
    "fuelConsumed": 651399,
    "target": "cart.lines.discounts.generate.run"
  },
  "logType": "function_run",
  "status": "success",
  "source": "discount-function-setting",
  "sourceNamespace": "extensions",
  "logTimestamp": "2026-01-02T06:44:16.387273Z",
  "localTime": "2026-01-02 12:14:16",
  "storeName": "group-discount-2.myshopify.com"
}